accession,signature,n_case,n_control,case_median,control_median,median_diff_case_minus_control,p_value,direction,FDR,effect,signature_label,x,y,cohort_label,fdr_sig
GSE134347,interferon_antigen_presentation,156,59,-0.304452350462721,-0.126476477612779,-0.177975872849942,0.0464520627865608,DOWN_IN_CASE,0.140362167087068,-0.177975872849942,IFN/AP,1,1,GSE134347,FALSE
GSE154918,interferon_antigen_presentation,39,12,-0.273240686872846,0.224264879311591,-0.497505566184437,0.174328274346978,DOWN_IN_CASE,0.261492411520467,-0.497505566184437,IFN/AP,2,1,GSE154918,FALSE
GSE65682,interferon_antigen_presentation,192,33,-0.203176361836573,2.913757692e-4,-0.203467737605773,0.070181083543534,DOWN_IN_CASE,0.140362167087068,-0.203467737605773,IFN/AP,3,1,GSE65682,FALSE
GSE32707,interferon_antigen_presentation,48,21,-0.239033017281724,-0.0926790660169684,-0.146353951264756,0.38874821228453,DOWN_IN_CASE,0.38874821228453,-0.146353951264756,IFN/AP,4,1,GSE32707,FALSE
GSE69063,interferon_antigen_presentation,19,25,-0.361295993099442,0.173424202847647,-0.534720195947088,0.268474160234527,DOWN_IN_CASE,0.322168992281432,-0.534720195947088,IFN/AP,5,1,GSE69063,FALSE
GSE28750,interferon_antigen_presentation,10,11,-0.461711813727884,0.0248676585866738,-0.486579472314557,0.0513444244094399,DOWN_IN_CASE,0.140362167087068,-0.486579472314557,IFN/AP,6,1,GSE28750,FALSE
GSE134347,adaptive_t_cell_context,156,59,-0.262951363649563,0.428344587538409,-0.691295951187972,1.77656108106279e-6,DOWN_IN_CASE,5.32968324318838e-6,-0.691295951187972,Adaptive/T-cell,1,2,GSE134347,TRUE
GSE154918,adaptive_t_cell_context,39,12,-0.165143295620425,0.336285723438464,-0.501429019058889,0.153893639420168,DOWN_IN_CASE,0.230840459130253,-0.501429019058889,Adaptive/T-cell,2,2,GSE154918,FALSE
GSE65682,adaptive_t_cell_context,192,33,-0.173019041098759,0.45124658583923,-0.624265626937989,1.766217536984e-4,DOWN_IN_CASE,3.532435073968e-4,-0.624265626937989,Adaptive/T-cell,3,2,GSE65682,TRUE
GSE32707,adaptive_t_cell_context,48,21,-0.144673925306955,-0.168728815677179,0.0240548903702241,0.591122872476782,UP_IN_CASE,0.591122872476782,0.0240548903702241,Adaptive/T-cell,4,2,GSE32707,FALSE
GSE69063,adaptive_t_cell_context,19,25,-0.568142491258466,0.693757683308959,-1.26190017456742,4.94140008833653e-8,DOWN_IN_CASE,2.96484005300192e-7,-1.26190017456742,Adaptive/T-cell,5,2,GSE69063,TRUE
GSE28750,adaptive_t_cell_context,10,11,-0.502237620758997,0.0375748688661001,-0.539812489625097,0.223023622404427,DOWN_IN_CASE,0.267628346885313,-0.539812489625097,Adaptive/T-cell,6,2,GSE28750,FALSE
GSE134347,hla_dr_core,156,59,-0.182127929399804,0.226754772432066,-0.40888270183187,0.0046687581264419,DOWN_IN_CASE,0.0093375162528839,-0.40888270183187,HLA-DR,1,3,GSE134347,TRUE
GSE154918,hla_dr_core,39,12,0.0648307060581818,0.295062173004908,-0.230231466946726,0.147491877135658,DOWN_IN_CASE,0.17699025256279,-0.230231466946726,HLA-DR,2,3,GSE154918,FALSE
GSE65682,hla_dr_core,192,33,-0.0595774464963028,0.572644297401271,-0.632221743897573,2.60331149183e-4,DOWN_IN_CASE,0.0015619868950981,-0.632221743897573,HLA-DR,3,3,GSE65682,TRUE
GSE32707,hla_dr_core,48,21,0.0272289284442845,-0.275038675672052,0.302267604116337,0.609153365708747,UP_IN_CASE,0.609153365708747,0.302267604116337,HLA-DR,4,3,GSE32707,FALSE
GSE69063,hla_dr_core,19,25,-0.433087225086631,0.385951861347782,-0.819039086434413,0.0020521381420899,DOWN_IN_CASE,0.0061564144262699,-0.819039086434413,HLA-DR,5,3,GSE69063,TRUE
GSE28750,hla_dr_core,10,11,-0.419457854737473,0.107657519600362,-0.527115374337836,0.0429637442021343,DOWN_IN_CASE,0.0644456163032015,-0.527115374337836,HLA-DR,6,3,GSE28750,FALSE
GSE134347,mhcii_cd74_axis,156,59,-0.276530557381299,0.154450058258767,-0.430980615640065,0.0022685781883866,DOWN_IN_CASE,0.0068057345651599,-0.430980615640065,MHC-II/CD74,1,4,GSE134347,TRUE
GSE154918,mhcii_cd74_axis,39,12,-0.0346585899757833,0.257911622467964,-0.292570212443748,0.189003320161543,DOWN_IN_CASE,0.226803984193852,-0.292570212443748,MHC-II/CD74,2,4,GSE154918,FALSE
GSE65682,mhcii_cd74_axis,192,33,-0.087579846042703,0.593419391851677,-0.68099923789438,2.04611014745769e-5,DOWN_IN_CASE,1.227666088474e-4,-0.68099923789438,MHC-II/CD74,3,4,GSE65682,TRUE
GSE32707,mhcii_cd74_axis,48,21,-0.0803760205311975,-0.190983653543675,0.110607633012478,0.932994998063318,UP_IN_CASE,0.932994998063318,0.110607633012478,MHC-II/CD74,4,4,GSE32707,FALSE
GSE69063,mhcii_cd74_axis,19,25,-0.338416408838282,0.341798258113523,-0.680214666951805,0.0034282160956596,DOWN_IN_CASE,0.0068564321913193,-0.680214666951805,MHC-II/CD74,5,4,GSE69063,TRUE
GSE28750,mhcii_cd74_axis,10,11,-0.605053535431676,0.288792045255301,-0.893845580686976,0.0100931060683383,DOWN_IN_CASE,0.0151396591025074,-0.893845580686976,MHC-II/CD74,6,4,GSE28750,TRUE
GSE134347,immunometabolic_stress,156,59,0.245108098535325,-0.359650173638454,0.604758272173779,7.99854700149105e-5,UP_IN_CASE,4.799128200894e-4,0.604758272173779,Immunometabolic,1,5,GSE134347,TRUE
GSE154918,immunometabolic_stress,39,12,0.132168590516925,-0.0047020580273969,0.136870648544322,0.316738104903926,UP_IN_CASE,0.380085725884711,0.136870648544322,Immunometabolic,2,5,GSE154918,FALSE
GSE65682,immunometabolic_stress,192,33,0.10334632186848,-0.198716110047724,0.302062431916204,0.190220217015634,UP_IN_CASE,0.285330325523452,0.302062431916204,Immunometabolic,3,5,GSE65682,FALSE
GSE32707,immunometabolic_stress,48,21,-0.0104618898289562,-0.0444109924134274,0.0339491025844712,0.99483982970338,UP_IN_CASE,0.99483982970338,0.0339491025844712,Immunometabolic,4,5,GSE32707,FALSE
GSE69063,immunometabolic_stress,19,25,0.567602176539605,-0.56554832355441,1.13315050009402,6.085408213379e-4,UP_IN_CASE,0.0018256224640137,1.13315050009402,Immunometabolic,5,5,GSE69063,TRUE
GSE28750,immunometabolic_stress,10,11,0.567125888040455,-0.290284462116452,0.857410350156908,0.11446602932671,UP_IN_CASE,0.228932058653421,0.857410350156908,Immunometabolic,6,5,GSE28750,FALSE
GSE134347,myeloid_inflammatory,156,59,0.192295790035399,-0.337301891757936,0.529597681793335,7.818440931798031e-9,UP_IN_CASE,4.69106455907882e-8,0.529597681793335,Myeloid inflammation,1,6,GSE134347,TRUE
GSE154918,myeloid_inflammatory,39,12,0.114553469182705,-0.0894921264149182,0.204045595597623,0.238285218827948,UP_IN_CASE,0.285942262593537,0.204045595597623,Myeloid inflammation,2,6,GSE154918,FALSE
GSE65682,myeloid_inflammatory,192,33,0.0498487545008343,-0.306732364808711,0.356581119309546,5.561786270242e-4,UP_IN_CASE,0.0011123572540484,0.356581119309546,Myeloid inflammation,3,6,GSE65682,TRUE
GSE32707,myeloid_inflammatory,48,21,0.0990634286045803,-0.015320295488774,0.114383724093354,0.741451136584663,UP_IN_CASE,0.741451136584663,0.114383724093354,Myeloid inflammation,4,6,GSE32707,FALSE
GSE69063,myeloid_inflammatory,19,25,0.411784511013615,-0.27818469762305,0.689969208636666,4.17665411605234e-5,UP_IN_CASE,1.252996234815e-4,0.689969208636666,Myeloid inflammation,5,6,GSE69063,TRUE
GSE28750,myeloid_inflammatory,10,11,0.229675936187809,-0.131482593006883,0.361158529194692,0.0986175846856962,UP_IN_CASE,0.147926377028544,0.361158529194692,Myeloid inflammation,6,6,GSE28750,FALSE
GSE134347,six_gene_panel,156,59,0.299740258646815,-0.577854470297642,0.877594728944457,4.09209074481202e-9,UP_IN_CASE,2.45525444688721e-8,0.877594728944457,Six-gene panel,1,7,GSE134347,TRUE
GSE154918,six_gene_panel,39,12,0.29506917741874,-0.373533954650566,0.668603132069306,0.0326701414392916,UP_IN_CASE,0.0392041697271499,0.668603132069306,Six-gene panel,2,7,GSE154918,TRUE
GSE65682,six_gene_panel,192,33,0.184362705481973,-0.372916272413405,0.557278977895378,5.743514690704e-4,UP_IN_CASE,0.0011487029381408,0.557278977895378,Six-gene panel,3,7,GSE65682,TRUE
GSE32707,six_gene_panel,48,21,-0.0952732759421031,-0.204038796778376,0.108765520836273,0.932994998063318,UP_IN_CASE,0.932994998063318,0.108765520836273,Six-gene panel,4,7,GSE32707,FALSE
GSE69063,six_gene_panel,19,25,0.764565187817746,-0.575413572373879,1.33997876019162,6.97050011943916e-7,UP_IN_CASE,2.09115003583175e-6,1.33997876019162,Six-gene panel,5,7,GSE69063,TRUE
GSE28750,six_gene_panel,10,11,0.626866751520961,-0.0663270778706035,0.693193829391564,0.0047857199559985,UP_IN_CASE,0.0071785799339978,0.693193829391564,Six-gene panel,6,7,GSE28750,TRUE
